mean_x0,mean_x1,std_x0,std_x1
0.95,0.325,0.8332080106266568,0.4689614184877848
